Shipment_ID,Distance_km,Weight_kg,Shipping_Cost,Delivery_Time_days,Inventory_Level
1001,0.0,0.2702702702702703,0.05822416302765648,0.0,0.7987421383647799
1002,0.5036319612590799,1.0,0.4774381368267831,0.5714285714285714,0.39622641509433965
1003,0.2324455205811138,0.6756756756756757,0.2096069868995633,0.2857142857142857,0.5471698113207547
1004,0.3099273607748184,0.40540540540540543,0.16302765647743814,0.2857142857142857,0.6981132075471698
1005,0.774818401937046,0.40540540540540543,0.6754002911208151,0.8571428571428571,0.29559748427672955
1006,0.1162227602905569,0.0,0.0,0.0,1.0
1007,0.3099273607748184,0.1891891891891892,0.2096069868995633,0.2857142857142857,0.8490566037735849
1008,1.0,1.0,1.0,1.0,0.0
1009,0.6004842615012107,0.5405405405405406,0.5240174672489083,0.5714285714285714,0.44654088050314467
1010,0.1549636803874092,0.35135135135135137,0.10480349344978165,0.2857142857142857,0.5974842767295597
1011,0.387409200968523,0.43243243243243246,0.2678311499272198,0.2857142857142857,0.4968553459119497
1012,0.2711864406779661,0.2972972972972973,0.17467248908296942,0.2857142857142857,0.6477987421383647
